id,name
1,Robert Wood
2,Laura Scott
3,Melissa Harris
4,Jennifer Estrada
5,John Stone
6,Kayla Carlson
7,Joshua Jensen
8,Brandon Mcgee
9,Corey Oliver
10,Donald Porter
11,Monica Fisher MD
12,Sabrina Marsh
13,Megan Norris
14,Carl Allen
15,Andrew Lane
16,Christopher Solis
17,William Hansen
18,Valerie Obrien
19,Louis Davis
20,Mrs. Shannon Thomas DDS
21,Paul Johnson
22,Angela Gould
23,Angela Ryan
24,Heather Duffy
25,Terry Gonzalez
26,Casey Garner
27,Megan Campbell
28,Stephanie Copeland
29,Samantha Hughes
30,Rebecca Wright
31,Matthew Griffin
32,Cory Johnson
33,Jacob Lowery
34,Misty Patterson
35,James Pena
36,Carrie Flores
37,Nicole Simpson
38,Samuel Turner
39,Christie Owens
40,Peter Marsh
41,Alexis Watkins
42,Christine Carter
43,Tamara Herrera
44,Alexis Johnston
45,Laura Mason
46,Heather Cook
47,Elizabeth Parker
48,Robert Wolfe
49,Christopher Watson
50,David Parker
51,Mr. Jason Davis IV
52,Dawn Barrett
53,Aaron Martinez
54,Marco Franklin
55,Paula Young
56,Thomas Jones
57,Tonya Mendoza
58,Kristina Martin
59,Matthew Sullivan
60,Nicholas Wolf
61,Ashley Castillo
62,Pamela Nichols
63,Julia Bennett
64,David Salinas
65,John Moses
66,Christopher Mack
67,Catherine Savage
68,Christian Smith
69,Victoria Stone
70,Caitlin Singleton
71,Charles Taylor
72,Gerald Simpson
73,Christina Coffey
74,Shawn Hall
75,Vanessa Reynolds
76,Kelly Gonzalez
77,Kathleen Black
78,Kimberly Brown
79,Joseph Miranda
80,Amy Smith
81,Vincent Moody
82,Robert Ware
83,Diane James
84,Matthew Whitehead
85,Katelyn Guzman
86,Andrew Silva
87,Lisa Tapia
88,Nathaniel Soto
89,Kathy Phillips
90,Ricardo Contreras
91,Joseph Turner
92,Marc Oneill
93,Diana Smith
94,April Miller
95,Jessica Roy
96,Joshua Welch
97,Elizabeth Myers
98,Kyle Cuevas
99,William Ramos
100,Pamela Diaz
